{"logo":"data:image\/tmp;base64,iVBORw0KGgoAAAANSUhEUgAAAJYAAABkCAYAAABkW8nwAAAAGXRFWHRTb2Z0d2FyZQBBZG9iZSBJbWFnZVJlYWR5ccllPAAABrlJREFUeNrsnY+NozoQxr2n1wCvBLYEtgRSwm4JSQmkBCghlJCUQEpISoASQgl5QRprvRP\/BZvL3ft+kqVTgifj4cM2Y3vv7X6\/CwBi8wshABAWgLAAhAUAhAUgLABhAQBhAQgLQFgAQFgAwgIQFgAQFoCwAIQFAIQFICwAYQEAYQEIC0BYAEBYAMICEBYAEBaAsACEBQCEBV5XWNWj3JVSGuoclGtuj5JZ7Odk98Js9\/R57vAvZ\/W2mmu27Bpus2Pfq2Vqy+eMuKk2qsC6S2OiIzPYnMqRvstW9XP6M0ZUske53b\/plO9kKe8\/qTTXyHK4+3Gw2MjZtVvNNVt2Tc6+7xb6oCu+MUgRk7k2J+q1\/OQfVKxiablJNxKjTgyXexgXi601hGWyHUtYMWOidgShNl12o\/nJ51jNowxseJSUbHicrh01XfLU9RbKZ+dH+XqUN6XsHuWqXFPQkJWas+LDB2vrNtFvpopJx2xObdkzm+\/0mWB2i+R+evQApebJ7w2KrwOf5trRVcfusTpLD31L1GPFjoluZDk6bGZKHMo1\/DRV6tnNKD1ucBZpPM\/+ImGliAmfCx8D\/C7W8tOUbmjYEHhkXW5reDuTjMyGjT0bUrcrvREX7LeGBL+RIiZb9oa3D\/DnupafJmG1LNCZQXT8Rqlj8+jp3EjX6+zEplRemy\/slblNJN7YMcmZUIZX9NOWINUJaLDcgMzjyfB5kjKxPk0iYaWISb7A5mp+2oTVMjWKgC7yT2EKyiZwOPkTyC1JYTXR+duWdM4asdm6xbnDWWGwM85o0+hoz5ndgGvC+KaIyTXBtCG6n78iP\/3qXMZ3SMtYfuyaUFi8180SvyykiAkXVhnBt+h+xhRWq1m78oGvY51WSJKeLb8vXjwmfHJdG+bCb6xsLKNRfD8deQqeiBORk4GVx9rTxZFfqR2JW10eq5yxLLNWgtQnJvyazrH8k7PcZJ\/az9jC0q1fdZrE5qdmDa83BIcn4T4tydGDp7C43ZvjxiwRVoqYCI3NG\/mSae7hzRLDJH7GFtbchcxekzE3Zd9N3Aw2TMLKF\/RaLqrEMVmyCF2tce9SbPQbaIHXNy900iwIc3sbj0n5V2CykOfkUs61YsdEvqR8BKSARopRs4qfCXosvjZVsfFd7baLAFuZoVuvHE+2ba0wn7lGtqRXiBkTHhvdFqHjjDnkYj\/f8P8Vgt+RIAUAwgIQFoCwAICwAIQFICwAIglLdwJ2OvU8nRx2ndTV1Z2OB5m2p\/CTzKbNaBX73Ge7yMFg98jaIX3QtS032OmEeRdAb\/lOtsPV9oOlXb721etNv7MNjJVrE2GuE1ZOopicm\/bW\/Cu+t11MSwEFOVkbbkBPjp6UepONgRy3nZN7F89bPd6VGzD95oY+P5MtH3ENGpu58DvHWFGbput34vlMYk3xmrvhrlVstszXXeROpNXEV\/7unFjtDPYGLqxMMfBOFdX1uYYCuqcbmmvqDlRXXY8ayZZ08jgjKIX4uY9qR\/+ec0MHqp87hFmRcHYkaPUGXJU2CTF\/s92r4xurJ\/5hw0Em3Au+jXheyJQLuF8eTsphsQ1s4JYaKBc8NwkDKje7uQ5ZyEVbYJljVeL52JcvUiiuHQhnetpDn\/CG6l4i9A4FDcuDeN7Tzx+y5n+uD59YWYWVUyDniErW9T2UYBrCesMEWSg91JU+OwT6p9q8kJ0PR51BzNtzL6kNk9s60k0PtW96UShnxso02Q9KN5icirl\/STd558PdhobTrfD\/IyKDMkTvlYnxEtH0Hjd0b5jcxjpqFmrfNHk\/z4yVafL+Q1jy6Sw8nZJHq0elru8fDCvFsiNXLTW+FP6b\/k80rNWeE\/6B2pN7PgTjQqG+EqGxcs6xGmWC7NODnZgzPjswS+UNb2njWxF2dGtPgj54inf0FK6cj53E30NIrJzCkhP3ziGumr5vmCOjI5UgE42nwDfC3JAQndNLfJE91zxnVB60yuFbveCl55XxjZVTWKOSaujFc5a9FN\/J0w0LpKybieescEa2ejaGh6QaBhJtqfQS1YxeYiDBTHVdf3u0oQemVtrNH7BeyWn9jTks31hZhaXmZfZKT6G+oV1pfnG25HRackRdCpKZ603ghLhTJu0n8f2HamvycU46oCFbPstTDbX3KvR\/\/HefOJ8WE5+3wpBYWd8KsecdJAG7GwCEBSAsAGEBAGEBCAtAWABAWADCAhAWABAWgLAAhAUAhAUgLABhAQBhAQgLQFgAQFgAwgIQFgAQFoCwAIQFAIQFICwAYQEAYQEIC0BYAMzkPwEGAGSR\/K7T4uzbAAAAAElFTkSuQmCC","primary_color":"96C454","secondary_color":"F4F6F8","btn_color":"96C454","sbtn_color":"DF4415","storeName":"Your store","standard_delivary_days":"5-7","cod_option":"1","language":"","currencyId":"BGD","theme":"fs1","themeid":"1 ","themedata":[{"id":3,"category":"Electronics","name":"E2","image":"theme-20180116114856.jpg"},{"id":4,"category":"Electronics","name":"E1","image":"theme-20180116114624.jpg"},{"id":1,"category":"Fashion","name":"fs1","image":"theme-20180116114736.jpg"},{"id":2,"category":"Fashion","name":"fs2","image":"theme-20180116114812.jpg"},{"id":7,"category":"Fashion","name":"fs3","image":"theme-20180117134635.jpg"},{"id":5,"category":"Restaurants","name":"Rs1","image":"theme-20180116114936.jpg"},{"id":6,"category":"Restaurants","name":"Rs2","image":"theme-20180116115026.jpg"}],"industry_id":"1","store_version":"1"}